analysis,k,rr,ci_lower,ci_upper,p_value,i2_pct,tau2
"Primary — Random effects (IV, k = 14)",15,1.3206535077565982,0.955715762483828,1.8249418456978939,0.08638472438017085,40.534925854718736,0.06805579759460877
"Model sensitivity — Fixed effect (MH exact, k = 14)",15,1.490979749580127,1.2359175660594857,1.7986803284508235,3.010528669653395e-5,NA,NA
"Sensitivity — Random effects, excluding single-zero (k = 12)",12,1.289326414536568,0.9492327279197743,1.751269793304281,0.09501098611177088,38.07220248068707,0.06911463091954162
"Sensitivity — Fixed effect (MH exact), excluding single-zero (k = 10)",12,1.4263349835133252,1.1808213498792586,1.7228952418602381,2.2912918426809737e-4,NA,NA
